language	iso_code	gloss	global_id	local_id	transcription	cognate_class	tokens	notes
KATE	kmg	I	1209	1	no	1	n o	
MAPE_2	mlh	I	1209	1	no	1	n o	
DEDUA	ded	I	1209	1	ni	2	n i	
HUBE	kgf	I	1209	1	ni	2	n i	
TOBO	tbv	I	1209	1	ni	2	n i	
KOSORONG	ksr	I	1209	1	ni	2	n i	
MINDIK	bmu	I	1209	1	ni	2	n i	
BURUM	bmu	I	1209	1	ni	2	n i	
ONO	ons	I	1209	1	na	1	n a	
KOMBA	kpf	I	1209	1	no	1	n o	
SELEPET	spl	I	1209	1	no	1	n o	
TIMBE	tim	I	1209	1	no	1	n o	
NABAK	naf	I	1209	1	n3N	1	n 3 N	
MOMOLILI	mci	I	1209	1	na	1	n a	
KATE	kmg	thou	1215	2	go	1	g o	
MAPE_2	mlh	thou	1215	2	go	1	g o	
DEDUA	ded	thou	1215	2	ge	2	g e	
HUBE	kgf	thou	1215	2	gi	2	g i	
TOBO	tbv	thou	1215	2	gi	2	g i	
KOSORONG	ksr	thou	1215	2	gi	2	g i	
MINDIK	bmu	thou	1215	2	gi	2	g i	
BURUM	bmu	thou	1215	2	gi	2	g i	
ONO	ons	thou	1215	2	ge	2	g e	
KOMBA	kpf	thou	1215	2	go	1	g o	
SELEPET	spl	thou	1215	2	go	1	g o	
TIMBE	tim	thou	1215	2	go	1	g o	
NABAK	naf	thou	1215	2	g3N	1	g 3 N	
MOMOLILI	mci	thou	1215	2	ga	1	g a	
KATE	kmg	we	1212	3	noNo7	1	n o N o 7	
MAPE_2	mlh	we	1212	3	noNu	1	n o N u	
DEDUA	ded	we	1212	3	nini	2	n i n i	
HUBE	kgf	we	1212	3	nini	2	n i n i	
TOBO	tbv	we	1212	3	nini	2	n i n i	
KOSORONG	ksr	we	1212	3	nono	1	n o n o	
MINDIK	bmu	we	1212	3	nini	2	n i n i	
BURUM	bmu	we	1212	3	nini	2	n i n i	
ONO	ons	we	1212	3	Nedo	3	N e d o	
KOMBA	kpf	we	1212	3	nen	2	n e n	
SELEPET	spl	we	1212	3	nen	2	n e n	
TIMBE	tim	we	1212	3	nen	2	n e n	
NABAK	naf	we	1212	3	nin	2	n i n	
MOMOLILI	mci	we	1212	3	ni	2	n i	
KATE	kmg	this	1214	4	ci	1	c i	
MAPE_2	mlh	this	1214	4	oi	2	o i	
DEDUA	ded	this	1214	4	i	3	i	
HUBE	kgf	this	1214	4	i	3	i	
TOBO	tbv	this	1214	4	mu	4	m u	
KOSORONG	ksr	this	1214	4	i	3	i	
MINDIK	bmu	this	1214	4	mu	4	m u	
BURUM	bmu	this	1214	4	ke	5	k e	
ONO	ons	this	1214	4	i	3	i	
KOMBA	kpf	this	1214	4	zi	1	z i	
SELEPET	spl	this	1214	4	yu	6	y u	
TIMBE	tim	this	1214	4	i	3	i	
NABAK	naf	this	1214	4	kapi	7	k a p i	
MOMOLILI	mci	this	1214	4	wi	8	w i	
KATE	kmg	that	78	5	i	1	i	
MAPE_2	mlh	that	78	5	o	2	o	
DEDUA	ded	that	78	5	yo	3	y o	
HUBE	kgf	that	78	5	yo	3	y o	
TOBO	tbv	that	78	5	mi	4	m i	
KOSORONG	ksr	that	78	5	lo	3	l o	
MINDIK	bmu	that	78	5	me	4	m e	
BURUM	bmu	that	78	5	me	4	m e	
ONO	ons	that	78	5	eri	5	e r i	
KOMBA	kpf	that	78	5	zo	3	z o	
SELEPET	spl	that	78	5	ya	3	y a	
TIMBE	tim	that	78	5	ido	6	i d o	
NABAK	naf	that	78	5	ke	7	k e	
MOMOLILI	mci	that	78	5	mei	4	m e i	
KATE	kmg	who	1235	6	mo7	1	m o 7	
MAPE_2	mlh	who	1235	6	mo7	1	m o 7	
DEDUA	ded	who	1235	6	moN	1	m o N	
HUBE	kgf	who	1235	6	moN	1	m o N	
TOBO	tbv	who	1235	6	moN	1	m o N	
KOSORONG	ksr	who	1235	6	moN	1	m o N	
MINDIK	bmu	who	1235	6	moN	2	m o N	
BURUM	bmu	who	1235	6	kun	2	k u n	
ONO	ons	who	1235	6	mane	3	m a n e	
KOMBA	kpf	who	1235	6	Nai	4	N a i	
SELEPET	spl	who	1235	6	olo	5	o l o	
TIMBE	tim	who	1235	6	kio	6	k i o	
NABAK	naf	who	1235	6	kureki	7	k u r e k i	
MOMOLILI	mci	who	1235	6	ala	5	a l a	
KATE	kmg	what	1236	7	wemo	1	w e m o	
MAPE_2	mlh	what	1236	7	wamo	1	w a m o	
DEDUA	ded	what	1236	7	dafi	2	d a f i	
HUBE	kgf	what	1236	7	nemak	3	n e m a k	
TOBO	tbv	what	1236	7	nomat	3	n o m a t	
KOSORONG	ksr	what	1236	7	namuNak	4	n a m u N a k	
MINDIK	bmu	what	1236	7	nowo	5	n o w o	
BURUM	bmu	what	1236	7	wania	6	w a n i a	
ONO	ons	what	1236	7	onoka	7	o n o k a	
KOMBA	kpf	what	1236	7	wan	6	w a n	
SELEPET	spl	what	1236	7	wuon	6	w u o n	
TIMBE	tim	what	1236	7	wan	6	w a n	
NABAK	naf	what	1236	7	pitne	8	p i t n e	
MOMOLILI	mci	what	1236	7	wana	6	w a n a	
KATE	kmg	not	1240	8	mi	1	m i	
MAPE_2	mlh	not	1240	8	so	2	s o	
DEDUA	ded	not	1240	8	mi	1	m i	
HUBE	kgf	not	1240	8	munda	3	m u n d a	
TOBO	tbv	not	1240	8	mondo	3	m o n d o	
KOSORONG	ksr	not	1240	8	mende	3	m e n d e	
MINDIK	bmu	not	1240	8	kp~aho	4	kp~ a h o	
BURUM	bmu	not	1240	8	kp~ahop	4	kp~ a h o p	
ONO	ons	not	1240	8	mi	1	m i	
KOMBA	kpf	not	1240	8	mo	1	m o	
SELEPET	spl	not	1240	8	ki	5	k i	
TIMBE	tim	not	1240	8	bo	6	b o	
NABAK	naf	not	1240	8	ku	5	k u	
MOMOLILI	mci	not	1240	8	k3m	7	k 3 m	
KATE	kmg	all	98	9	sasawa	1	s a s a w a	
MAPE_2	mlh	all	98	9	sosowo	1	s o s o w o	
DEDUA	ded	all	98	9	sasawa	1	s a s a w a	
HUBE	kgf	all	98	9	mokcoN	2	m o k c o N	
TOBO	tbv	all	98	9	eNalek	3	e N a l e k	
KOSORONG	ksr	all	98	9	kuya	4	k u y a	
MINDIK	bmu	all	98	9	moketaNi	5	m o k e t a N i	
BURUM	bmu	all	98	9	kp~akp~ak	6	kp~ a kp~ a k	
ONO	ons	all	98	9	korop	7	k o r o p	
KOMBA	kpf	all	98	9	aksik	8	a k s i k	
SELEPET	spl	all	98	9	kerek	9	k e r e k	
TIMBE	tim	all	98	9	horowok	10	h o r o w o k	
NABAK	naf	all	98	9	ilinsakpep	11	i l i n s a k p e p	
MOMOLILI	mci	all	98	9	p3s3kpep	12	p 3 s 3 k p e p	
KATE	kmg	many	1198	10	bo7yaha	1	b o 7 y a h a	
MAPE_2	mlh	many	1198	10	boiaha	1	b o i a h a	
DEDUA	ded	many	1198	10	homak	2	h o m a k	
HUBE	kgf	many	1198	10	sasara	3	s a s a r a	
TOBO	tbv	many	1198	10	sesia	3	s e s i a	
KOSORONG	ksr	many	1198	10	mamagu	4	m a m a g u	
MINDIK	bmu	many	1198	10	seseNi	3	s e s e N i	
BURUM	bmu	many	1198	10	gotpok	5	g o t p o k	
ONO	ons	many	1198	10	louloutNe	6	l o u l o u t N e	
KOMBA	kpf	many	1198	10	biwiro	7	b i w i r o	
SELEPET	spl	many	1198	10	biwiro	7	b i w i r o	
TIMBE	tim	many	1198	10	biwiro	7	b i w i r o	
NABAK	naf	many	1198	10	kilisik	8	k i l i s i k	
MOMOLILI	mci	many	1198	10	kirisi	8	k i r i s i	
KATE	kmg	one	1493	11	moyaha	1	m o y a h a	
MAPE_2	mlh	one	1493	11	mokotoN	2	m o k o t o N	
DEDUA	ded	one	1493	11	mokgu	1	m o k g u	
HUBE	kgf	one	1493	11	momakgu	1	m o m a k g u	
TOBO	tbv	one	1493	11	mohok	3	m o h o k	
KOSORONG	ksr	one	1493	11	motoNgok	4	m o t o N g o k	
MINDIK	bmu	one	1493	11	mokuN	1	m o k u N	
BURUM	bmu	one	1493	11	mohot	3	m o h o t	
ONO	ons	one	1493	11	weku	5	w e k u	
KOMBA	kpf	one	1493	11	konok	6	k o n o k	
SELEPET	spl	one	1493	11	konok	6	k o n o k	
TIMBE	tim	one	1493	11	konok	6	k o n o k	
NABAK	naf	one	1493	11	kpep	7	k p e p	
MOMOLILI	mci	one	1493	11	kpeci	7	k p e c i	
KATE	kmg	two	1498	12	yayahe7	1	y a y a h e 7	
MAPE_2	mlh	two	1498	12	yoyokak	1	y o y o k a k	
DEDUA	ded	two	1498	12	yohokaN	1	y o h o k a N	
HUBE	kgf	two	1498	12	rehek	2	r e h e k	
TOBO	tbv	two	1498	12	rohot	2	r o h o t	
KOSORONG	ksr	two	1498	12	woik	3	w o i k	
MINDIK	bmu	two	1498	12	woit	3	w o i t	
BURUM	bmu	two	1498	12	yahat	2	y a h a t	
ONO	ons	two	1498	12	etke	4	e t k e	
KOMBA	kpf	two	1498	12	zohot	2	z o h o t	
SELEPET	spl	two	1498	12	yohop	2	y o h o p	
TIMBE	tim	two	1498	12	louwo	5	l o u w o	
NABAK	naf	two	1498	12	cut	6	c u t	
MOMOLILI	mci	two	1498	12	ceba	7	c e b a	
KATE	kmg	big	1202	13	ko7gbene	1	k o 7 g b e n e	
MAPE_2	mlh	big	1202	13	yasogo	2	y a s o g o	
DEDUA	ded	big	1202	13	kuneN	3	k u n e N	
HUBE	kgf	big	1202	13	kuneN	3	k u n e N	
TOBO	tbv	big	1202	13	baia	4	b a i a	
KOSORONG	ksr	big	1202	13	somata	5	s o m a t a	
MINDIK	bmu	big	1202	13	ketaNi	6	k e t a N i	
BURUM	bmu	big	1202	13	ketaNi	6	k e t a N i	
ONO	ons	big	1202	13	suaine	7	s u a i n e	
KOMBA	kpf	big	1202	13	pato	8	p a t o	
SELEPET	spl	big	1202	13	pato	8	p a t o	
TIMBE	tim	big	1202	13	humo	9	h u m o	
NABAK	naf	big	1202	13	taemba	10	t a e m b a	
MOMOLILI	mci	big	1202	13	k3itn	11	k 3 i t n	
KATE	kmg	long	1203	14	cori7ne	1	c o r i 7 n e	
MAPE_2	mlh	long	1203	14	coraikne	1	c o r a i k n e	
DEDUA	ded	long	1203	14	herea	2	h e r e a	
HUBE	kgf	long	1203	14	horua	2	h o r u a	
TOBO	tbv	long	1203	14	korua	2	k o r u a	
KOSORONG	ksr	long	1203	14	koriga	2	k o r i g a	
MINDIK	bmu	long	1203	14	koripNi	2	k o r i p N i	
BURUM	bmu	long	1203	14	koripNi	2	k o r i p N i	
ONO	ons	long	1203	14	kiroine	2	k i r o i n e	
KOMBA	kpf	long	1203	14	korep	2	k o r e p	
SELEPET	spl	long	1203	14	kolip	2	k o l i p	
TIMBE	tim	long	1203	14	kolip	2	k o l i p	
NABAK	naf	long	1203	14	tepm3N	3	t e p m 3 N	
MOMOLILI	mci	long	1203	14	kepm	4	k e p m	
KATE	kmg	small	1246	15	piti7ne	1	p i t i 7 n e	
MAPE_2	mlh	small	1246	15	mendakne	2	m e n d a k n e	
DEDUA	ded	small	1246	15	kapia	3	k a p i a	
HUBE	kgf	small	1246	15	komoga	4	k o m o g a	
TOBO	tbv	small	1246	15	komora	4	k o m o r a	
KOSORONG	ksr	small	1246	15	merak	5	m e r a k	
MINDIK	bmu	small	1246	15	komokNi	4	k o m o k N i	
BURUM	bmu	small	1246	15	moroNi	6	m o r o N i	
ONO	ons	small	1246	15	nigatne	7	n i g a t n e	
KOMBA	kpf	small	1246	15	moikto	8	m o i k t o	
SELEPET	spl	small	1246	15	tipiNe	9	t i p i N e	
TIMBE	tim	small	1246	15	boleNe	10	b o l e N e	
NABAK	naf	small	1246	15	isikN3n	11	i s i k N 3 n	
MOMOLILI	mci	small	1246	15	namzi	12	n a m z i	
KATE	kmg	woman	962	16	Noka7	1	N o k a 7	
MAPE_2	mlh	woman	962	16	Nigok	1	N i g o k	
DEDUA	ded	woman	962	16	Nak	1	N a k	
HUBE	kgf	woman	962	16	embak	2	e m b a k	
TOBO	tbv	woman	962	16	embat	2	e m b a t	
KOSORONG	ksr	woman	962	16	embak	2	e m b a k	
MINDIK	bmu	woman	962	16	ambi	2	a m b i	
BURUM	bmu	woman	962	16	ambi	2	a m b i	
ONO	ons	woman	962	16	Nerep	3	N e r e p	
KOMBA	kpf	woman	962	16	abon	2	a b o n	
SELEPET	spl	woman	962	16	ibi	2	i b i	
TIMBE	tim	woman	962	16	oboi	2	o b o i	
NABAK	naf	woman	962	16	imbi	2	i m b i	
MOMOLILI	mci	woman	962	16	imbi	2	i m b i	
KATE	kmg	man	1554	17	Ni7	1	N i 7	
MAPE_2	mlh	man	1554	17	Nik	1	N i k	
DEDUA	ded	man	1554	17	Nik	1	N i k	
HUBE	kgf	man	1554	17	ik	1	i k	
TOBO	tbv	man	1554	17	ip	1	i p	
KOSORONG	ksr	man	1554	17	ecak	2	e c a k	
MINDIK	bmu	man	1554	17	aiwi	3	a i w i	
BURUM	bmu	man	1554	17	aci	4	a c i	
ONO	ons	man	1554	17	Nei	1	N e i	
KOMBA	kpf	man	1554	17	a	5	a	
SELEPET	spl	man	1554	17	lok	6	l o k	
TIMBE	tim	man	1554	17	luok	6	l u o k	
NABAK	naf	man	1554	17	an	5	a n	
MOMOLILI	mci	man	1554	17	a*	5	a*	
KATE	kmg	bird	937	20	wipe	1	w i p e	
MAPE_2	mlh	bird	937	20	woro	2	w o r o	
DEDUA	ded	bird	937	20	neN	3	n e N	
HUBE	kgf	bird	937	20	nei	3	n e i	
TOBO	tbv	bird	937	20	ni	3	n i	
KOSORONG	ksr	bird	937	20	koN	4	k o N	
MINDIK	bmu	bird	937	20	nei	3	n e i	
BURUM	bmu	bird	937	20	nei	3	n e i	
ONO	ons	bird	937	20	naNi	3	n a N i	
KOMBA	kpf	bird	937	20	ni	3	n i	
SELEPET	spl	bird	937	20	noi	3	n o i	
TIMBE	tim	bird	937	20	laut	5	l a u t	
NABAK	naf	bird	937	20	aga	6	a g a	
MOMOLILI	mci	bird	937	20	lau	5	l a u	
KATE	kmg	dog	2009	21	kp~oto	1	kp~ o t o	
MAPE_2	mlh	dog	2009	21	kp~oro	1	kp~ o r o	
DEDUA	ded	dog	2009	21	kasi	2	k a s i	
HUBE	kgf	dog	2009	21	kacu	2	k a c u	
TOBO	tbv	dog	2009	21	kiam	3	k i a m	
KOSORONG	ksr	dog	2009	21	kasuk	2	k a s u k	
MINDIK	bmu	dog	2009	21	kiam	3	k i a m	
BURUM	bmu	dog	2009	21	kiam	3	k i a m	
ONO	ons	dog	2009	21	kasi	2	k a s i	
KOMBA	kpf	dog	2009	21	wau	4	w a u	
SELEPET	spl	dog	2009	21	soso	5	s o s o	
TIMBE	tim	dog	2009	21	dua	6	d u a	
NABAK	naf	dog	2009	21	tam	7	t a m	
MOMOLILI	mci	dog	2009	21	ta	7	t a	
KATE	kmg	louse	1392	22	imeN	1	i m e N	
MAPE_2	mlh	louse	1392	22	imeN	1	i m e N	
DEDUA	ded	louse	1392	22	yomiN	1	y o m i N	
HUBE	kgf	louse	1392	22	imin	1	i m i n	
TOBO	tbv	louse	1392	22	imin	1	i m i n	
KOSORONG	ksr	louse	1392	22	imoN	1	i m o N	
MINDIK	bmu	louse	1392	22	imin	1	i m i n	
BURUM	bmu	louse	1392	22	imin	1	i m i n	
ONO	ons	louse	1392	22	emen	1	e m e n	
KOMBA	kpf	louse	1392	22	imen	1	i m e n	
SELEPET	spl	louse	1392	22	imen	1	i m e n	
TIMBE	tim	louse	1392	22	imen	1	i m e n	
NABAK	naf	louse	1392	22	emin	1	e m i n	
MOMOLILI	mci	louse	1392	22	l3m	2	l 3 m	
KATE	kmg	tree	906	23	yo7	1	y o 7	
MAPE_2	mlh	tree	906	23	yok	1	y o k	
DEDUA	ded	tree	906	23	ik	2	i k	
HUBE	kgf	tree	906	23	ik	2	i k	
TOBO	tbv	tree	906	23	ip	2	i p	
KOSORONG	ksr	tree	906	23	ik	2	i k	
MINDIK	bmu	tree	906	23	ip	2	i p	
BURUM	bmu	tree	906	23	ip	2	i p	
ONO	ons	tree	906	23	eki	3	e k i	
KOMBA	kpf	tree	906	23	nak	4	n a k	
SELEPET	spl	tree	906	23	nak	4	n a k	
TIMBE	tim	tree	906	23	lowin	5	l o w i n	
NABAK	naf	tree	906	23	t3p	6	t 3 p	
MOMOLILI	mci	tree	906	23	t3	6	t 3	
KATE	kmg	seed	714	24	hondoN	1	h o n d o N	
MAPE_2	mlh	seed	714	24	fonoN	2	f o n o N	
DEDUA	ded	seed	714	24	honduN	1	h o n d u N	
HUBE	kgf	seed	714	24	gokme	3	g o k m e	
TOBO	tbv	seed	714	24	gopi	4	g o p i	
KOSORONG	ksr	seed	714	24	kota	5	k o t a	
MINDIK	bmu	seed	714	24	kot	5	k o t	
BURUM	bmu	seed	714	24	kot	5	k o t	
ONO	ons	seed	714	24	wau	6	w a u	
KOMBA	kpf	seed	714	24	ket	7	k e t	
SELEPET	spl	seed	714	24	kehet	7	k e h e t	
TIMBE	tim	seed	714	24	kodet	8	k o d e t	
NABAK	naf	seed	714	24	k3t	5	k 3 t	
MOMOLILI	mci	seed	714	24	k3t	5	k 3 t	
KATE	kmg	leaf	628	25	reha7	1	r e h a 7	"stem, ""its leaf"""
MAPE_2	mlh	leaf	628	25	rekak	1	r e k a k	
DEDUA	ded	leaf	628	25	mari	2	m a r i	"stem, ""its leaf"""
HUBE	kgf	leaf	628	25	hareN	3	h a r e N	"stem, ""its leaf"""
TOBO	tbv	leaf	628	25	karem	3	k a r e m	"stem, ""its leaf"""
KOSORONG	ksr	leaf	628	25	seN	4	s e N	
MINDIK	bmu	leaf	628	25	sin	4	s i n	
BURUM	bmu	leaf	628	25	sin	4	s i n	
ONO	ons	leaf	628	25	meti	5	m e t i	"stem, ""its leaf"""
KOMBA	kpf	leaf	628	25	in	4	i n	"stem, ""its leaf"""
SELEPET	spl	leaf	628	25	esen	4	e s e n	"stem, ""its leaf"""
TIMBE	tim	leaf	628	25	esen	4	e s e n	"stem, ""its leaf"""
NABAK	naf	leaf	628	25	sin	4	s i n	"stem, ""its leaf"""
MOMOLILI	mci	leaf	628	25	sin	4	s i n	"stem, ""its leaf"""
KATE	kmg	root	670	26	goto	1	g o t o	
MAPE_2	mlh	root	670	26	goru	1	g o r u	
DEDUA	ded	root	670	26	gode	1	g o d e	
HUBE	kgf	root	670	26	gete	1	g e t e	
TOBO	tbv	root	670	26	onde	2	o n d e	
KOSORONG	ksr	root	670	26	tita	3	t i t a	
MINDIK	bmu	root	670	26	calo	4	c a l o	
BURUM	bmu	root	670	26	calo	4	c a l o	
ONO	ons	root	670	26	Nodi	5	N o d i	
KOMBA	kpf	root	670	26	odoN	2	o d o N	
SELEPET	spl	root	670	26	gihit	6	g i h i t	
TIMBE	tim	root	670	26	kodoro	7	k o d o r o	
NABAK	naf	root	670	26	kindi	7	k i n d i	
MOMOLILI	mci	root	670	26	kindiri	7	k i n d i r i	
KATE	kmg	skin	763	28	saha7	1	s a h a 7	"stem, ""its skin"""
MAPE_2	mlh	skin	763	28	mocu	2	m o c u	
DEDUA	ded	skin	763	28	sebi	3	s e b i	"stem, ""its skin"""
HUBE	kgf	skin	763	28	sewira	3	s e w i r a	"stem, ""its skin"""
TOBO	tbv	skin	763	28	sowol	3	s o w o l	"stem, ""its skin"""
KOSORONG	ksr	skin	763	28	sele	4	s e l e	
MINDIK	bmu	skin	763	28	sele	4	s e l e	
BURUM	bmu	skin	763	28	sile	4	s i l e	
ONO	ons	skin	763	28	solai	4	s o l a i	"stem, ""its skin"""
KOMBA	kpf	skin	763	28	sok	5	s o k	"stem, ""its skin"""
SELEPET	spl	skin	763	28	hok	5	h o k	"stem, ""its skin"""
TIMBE	tim	skin	763	28	hok	5	h o k	"stem, ""its skin"""
NABAK	naf	skin	763	28	s3k	5	s 3 k	"stem, ""its skin"""
MOMOLILI	mci	skin	763	28	s3k	5	s 3 k	"stem, ""its skin"""
KATE	kmg	meat	634	29	bihu7	1	b i h u 7	
MAPE_2	mlh	meat	634	29	biu	1	b i u	
DEDUA	ded	meat	634	29	fusi	2	f u s i	
HUBE	kgf	meat	634	29	busi	2	b u s i	
TOBO	tbv	meat	634	29	busi	2	b u s i	
KOSORONG	ksr	meat	634	29	busi	2	b u s i	
MINDIK	bmu	meat	634	29	busu	2	b u s u	
BURUM	bmu	meat	634	29	busu	2	b u s u	
ONO	ons	meat	634	29	biku	1	b i k u	
KOMBA	kpf	meat	634	29	sunum	3	s u n u m	
SELEPET	spl	meat	634	29	sunum	3	s u n u m	
TIMBE	tim	meat	634	29	sunum	3	s u n u m	
NABAK	naf	meat	634	29	s3sumbaN	4	s 3 s u m b a N	
MOMOLILI	mci	meat	634	29	mirik	5	m i r i k	
KATE	kmg	blood	946	30	so7	1	s o 7	"stem, ""its blood"""
MAPE_2	mlh	blood	946	30	dari	2	d a r i	
DEDUA	ded	blood	946	30	sawa	1	s a w a	"stem, ""its blood"""
HUBE	kgf	blood	946	30	sawa	1	s a w a	"stem, ""its blood"""
TOBO	tbv	blood	946	30	sap	1	s a p	"stem, ""its blood"""
KOSORONG	ksr	blood	946	30	saya	1	s a y a	
MINDIK	bmu	blood	946	30	sep	1	s e p	
BURUM	bmu	blood	946	30	sep	1	s e p	
ONO	ons	blood	946	30	weNemi	3	w e N e m i	"stem, ""its blood"""
KOMBA	kpf	blood	946	30	sep	1	s e p	"stem, ""its blood"""
SELEPET	spl	blood	946	30	hep	1	h e p	"stem, ""its blood"""
TIMBE	tim	blood	946	30	gilom	4	g i l o m	"stem, ""its blood"""
NABAK	naf	blood	946	30	sip	1	s i p	"stem, ""its blood"""
MOMOLILI	mci	blood	946	30	sip	1	s i p	"stem, ""its blood"""
KATE	kmg	bone	1394	31	sie7	1	s i e 7	"stem, ""its bone"""
MAPE_2	mlh	bone	1394	31	siak	1	s i a k	
DEDUA	ded	bone	1394	31	sir	1	s i r	"stem, ""its bone"""
HUBE	kgf	bone	1394	31	sigl~	1	s i gl~	"stem, ""its bone"""
TOBO	tbv	bone	1394	31	sihit	1	s i h i t	"stem, ""its bone"""
KOSORONG	ksr	bone	1394	31	sita	1	s i t a	
MINDIK	bmu	bone	1394	31	sihit	1	s i h i t	
BURUM	bmu	bone	1394	31	sihit	1	s i h i t	
ONO	ons	bone	1394	31	set	1	s e t	"stem, ""its bone"""
KOMBA	kpf	bone	1394	31	ton	2	t o n	"stem, ""its bone"""
SELEPET	spl	bone	1394	31	hahit	1	h a h i t	"stem, ""its bone"""
TIMBE	tim	bone	1394	31	hahit	1	h a h i t	"stem, ""its bone"""
NABAK	naf	bone	1394	31	kanc~iN	3	k a nc~ i N	"stem, ""its bone"""
MOMOLILI	mci	bone	1394	31	siet	1	s i e t	"stem, ""its bone"""
KATE	kmg	fat	1282	32	wokemaN	1	w o k e m a N	
MAPE_2	mlh	fat	1282	32	wici	2	w i c i	
DEDUA	ded	fat	1282	32	wokemaN	1	w o k e m a N	
HUBE	kgf	fat	1282	32	harek	3	h a r e k	
TOBO	tbv	fat	1282	32	kalak	3	k a l a k	
KOSORONG	ksr	fat	1282	32	kelega	3	k e l e g a	
MINDIK	bmu	fat	1282	32	kelok	3	k e l o k	
BURUM	bmu	fat	1282	32	kelok	3	k e l o k	
ONO	ons	fat	1282	32	kelok	3	k e l o k	
KOMBA	kpf	fat	1282	32	kelok	3	k e l o k	
SELEPET	spl	fat	1282	32	kelu	3	k e l u	
TIMBE	tim	fat	1282	32	kelu	3	k e l u	
NABAK	naf	fat	1282	32	kerak	3	k e r a k	
MOMOLILI	mci	fat	1282	32	ker3k	3	k e r 3 k	
KATE	kmg	tail	1220	35	ge7	1	g e 7	
MAPE_2	mlh	tail	1220	35	ci	2	c i	
DEDUA	ded	tail	1220	35	ci	2	c i	
HUBE	kgf	tail	1220	35	ci	2	c i	
TOBO	tbv	tail	1220	35	ci	2	c i	
KOSORONG	ksr	tail	1220	35	dai	2	d a i	
MINDIK	bmu	tail	1220	35	lou	3	l o u	
BURUM	bmu	tail	1220	35	dai	2	d a i	
ONO	ons	tail	1220	35	dai	2	d a i	
KOMBA	kpf	tail	1220	35	da	2	d a	
SELEPET	spl	tail	1220	35	hape	4	h a p e	
TIMBE	tim	tail	1220	35	dape	4	d a p e	
NABAK	naf	tail	1220	35	dak	5	d a k	
MOMOLILI	mci	tail	1220	35	dak	5	d a k	
KATE	kmg	hair	1040	37	cowo	1	c o w o	
MAPE_2	mlh	hair	1040	37	kaNcaN	2	k a N c a N	
DEDUA	ded	hair	1040	37	cowe	1	c o w e	
HUBE	kgf	hair	1040	37	cu	3	c u	
TOBO	tbv	hair	1040	37	cu	3	c u	
KOSORONG	ksr	hair	1040	37	cui	3	c u i	
MINDIK	bmu	hair	1040	37	cup	3	c u p	
BURUM	bmu	hair	1040	37	cup	3	c u p	
ONO	ons	hair	1040	37	cou	3	c o u	
KOMBA	kpf	hair	1040	37	somot	4	s o m o t	
SELEPET	spl	hair	1040	37	somot	4	s o m o t	
TIMBE	tim	hair	1040	37	dumut	4	d u m u t	
NABAK	naf	hair	1040	37	cup	3	c u p	
MOMOLILI	mci	hair	1040	37	cup	3	c u p	
KATE	kmg	head	1256	38	kp~ice7	1	kp~ i c e 7	
MAPE_2	mlh	head	1256	38	kp~oru	2	kp~ o r u	
DEDUA	ded	head	1256	38	fufu	3	f u f u	
HUBE	kgf	head	1256	38	ogu	4	o g u	
TOBO	tbv	head	1256	38	norok	5	n o r o k	
KOSORONG	ksr	head	1256	38	osoga	6	o s o g a	
MINDIK	bmu	head	1256	38	noruk	5	n o r u k	
BURUM	bmu	head	1256	38	noruk	5	n o r u k	
ONO	ons	head	1256	38	lewit	7	l e w i t	
KOMBA	kpf	head	1256	38	kauk	8	k a u k	
SELEPET	spl	head	1256	38	kun	9	k u n	
TIMBE	tim	head	1256	38	kaut	8	k a u t	
NABAK	naf	head	1256	38	Nokanci	9	N o k a n c i	
MOMOLILI	mci	head	1256	38	nok	10	n o k	
KATE	kmg	ear	1247	39	hace7	1	h a c e 7	"stem, ""its ear"""
MAPE_2	mlh	ear	1247	39	kace	1	k a c e	
DEDUA	ded	ear	1247	39	heca	1	h e c a	"stem, ""its ear"""
HUBE	kgf	ear	1247	39	geca	1	g e c a	"stem, ""its ear"""
TOBO	tbv	ear	1247	39	kesap	1	k e s a p	"stem, ""its ear"""
KOSORONG	ksr	ear	1247	39	geca	1	g e c a	
MINDIK	bmu	ear	1247	39	kecap	1	k e c a p	
BURUM	bmu	ear	1247	39	kecap	1	k e c a p	
ONO	ons	ear	1247	39	ket	1	k e t	"stem, ""its ear"""
KOMBA	kpf	ear	1247	39	kidap	1	k i d a p	"stem, ""its ear"""
SELEPET	spl	ear	1247	39	odop	2	o d o p	"stem, ""its ear"""
TIMBE	tim	ear	1247	39	odop	2	o d o p	"stem, ""its ear"""
NABAK	naf	ear	1247	39	wak	3	w a k	"stem, ""its ear"""
MOMOLILI	mci	ear	1247	39	b3b3t	4	b 3 b 3 t	"stem, ""its ear"""
KATE	kmg	eye	1248	40	coNe	1	c o N e	"stem, ""its eye"""
MAPE_2	mlh	eye	1248	40	ciNo	1	c i N o	
DEDUA	ded	eye	1248	40	kiwa	2	k i w a	"stem, ""its eye"""
HUBE	kgf	eye	1248	40	kiwa	2	k i w a	"stem, ""its eye"""
TOBO	tbv	eye	1248	40	kp~at	3	kp~ a t	"stem, ""its eye"""
KOSORONG	ksr	eye	1248	40	ca	4	c a	
MINDIK	bmu	eye	1248	40	ce	4	c e	
BURUM	bmu	eye	1248	40	ce	4	c e	
ONO	ons	eye	1248	40	dei	4	d e i	"stem, ""its eye"""
KOMBA	kpf	eye	1248	40	si	4	s i	"stem, ""its eye"""
SELEPET	spl	eye	1248	40	sen	4	s e n	"stem, ""its eye"""
TIMBE	tim	eye	1248	40	dewun	5	d e w u n	"stem, ""its eye"""
NABAK	naf	eye	1248	40	ci	4	c i	"stem, ""its eye"""
MOMOLILI	mci	eye	1248	40	ci	4	c i	"stem, ""its eye"""
KATE	kmg	nose	1221	41	soke	1	s o k e	"stem, ""its nose"""
MAPE_2	mlh	nose	1221	41	siko	1	s i k o	
DEDUA	ded	nose	1221	41	soge	1	s o g e	"stem, ""its nose"""
HUBE	kgf	nose	1221	41	sere	2	s e r e	"stem, ""its nose"""
TOBO	tbv	nose	1221	41	sohori	3	s o h o r i	"stem, ""its nose"""
KOSORONG	ksr	nose	1221	41	sewaN	4	s e w a N	
MINDIK	bmu	nose	1221	41	soNgoro	3	s o N g o r o	
BURUM	bmu	nose	1221	41	sohoro	3	s o h o r o	
ONO	ons	nose	1221	41	sot	5	s o t	"stem, ""its nose"""
KOMBA	kpf	nose	1221	41	sogon	3	s o g o n	"stem, ""its nose"""
SELEPET	spl	nose	1221	41	home	6	h o m e	"stem, ""its nose"""
TIMBE	tim	nose	1221	41	home	6	h o m e	"stem, ""its nose"""
NABAK	naf	nose	1221	41	NiN3N	7	N i N 3 N	"stem, ""its nose"""
MOMOLILI	mci	nose	1221	41	siNg~eN	8	s i Ng~ e N	"stem, ""its nose"""
KATE	kmg	tooth	1380	43	mi7	1	m i 7	"stem, ""its tooth"""
MAPE_2	mlh	tooth	1380	43	misio	2	m i s i o	
DEDUA	ded	tooth	1380	43	enar	3	e n a r	"stem, ""its tooth"""
HUBE	kgf	tooth	1380	43	cegl~	4	c e gl~	"stem, ""its tooth"""
TOBO	tbv	tooth	1380	43	cot	4	c o t	"stem, ""its tooth"""
KOSORONG	ksr	tooth	1380	43	cot	4	c o t	
MINDIK	bmu	tooth	1380	43	cot	4	c o t	
BURUM	bmu	tooth	1380	43	cit	4	c i t	
ONO	ons	tooth	1380	43	Net	5	N e t	"stem, ""its tooth"""
KOMBA	kpf	tooth	1380	43	sot	4	s o t	"stem, ""its tooth"""
SELEPET	spl	tooth	1380	43	sot	4	s o t	"stem, ""its tooth"""
TIMBE	tim	tooth	1380	43	dot	4	d o t	"stem, ""its tooth"""
NABAK	naf	tooth	1380	43	cet	4	c e t	"stem, ""its tooth"""
MOMOLILI	mci	tooth	1380	43	c3t	4	c 3 t	"stem, ""its tooth"""
KATE	kmg	tongue	1205	44	nameN	1	n a m e N	"stem, ""its tongue"""
MAPE_2	mlh	tongue	1205	44	eroN	2	e r o N	
DEDUA	ded	tongue	1205	44	nameN	1	n a m e N	"stem, ""its tongue"""
HUBE	kgf	tongue	1205	44	eceraN	3	e c e r a N	"stem, ""its tongue"""
TOBO	tbv	tongue	1205	44	ecelom	3	e c e l o m	"stem, ""its tongue"""
KOSORONG	ksr	tongue	1205	44	neselaN	3	n e s e l a N	
MINDIK	bmu	tongue	1205	44	nesolam	3	n e s o l a m	
BURUM	bmu	tongue	1205	44	neselam	3	n e s e l a m	
ONO	ons	tongue	1205	44	belakami	4	b e l a k a m i	?its tongue?
KOMBA	kpf	tongue	1205	44	nobolam	3	n o b o l a m	"stem, ""its tongue"""
SELEPET	spl	tongue	1205	44	nibilam	3	n i b i l a m	"stem, ""its tongue"""
TIMBE	tim	tongue	1205	44	elewot	5	e l e w o t	"stem, ""its tongue"""
NABAK	naf	tongue	1205	44	namb~arem	3	n a mb~ a r e m	?its tongue?
MOMOLILI	mci	tongue	1205	44	namb~alaN	3	n a mb~ a l a N	?its tongue?
KATE	kmg	claw	72	45	misiN	1	m i s i N	
MAPE_2	mlh	claw	72	45	yuyuN	2	y u y u N	
DEDUA	ded	claw	72	45	boN	3	b o N	
HUBE	kgf	claw	72	45	boNsewe	3	b o N s e w e	
TOBO	tbv	claw	72	45	kawon	4	k a w o n	
KOSORONG	ksr	claw	72	45	kosi	5	k o s i	
MINDIK	bmu	claw	72	45	kesot	6	k e s o t	
BURUM	bmu	claw	72	45	kambo	7	k a m b o	
ONO	ons	claw	72	45	zolip	8	z o l i p	
KOMBA	kpf	claw	72	45	pakit	9	p a k i t	
SELEPET	spl	claw	72	45	pekat	9	p e k a t	
TIMBE	tim	claw	72	45	pekat	9	p e k a t	
NABAK	naf	claw	72	45	p3luk	10	p 3 l u k	
MOMOLILI	mci	claw	72	45	ciNg3Ng3N	11	c i N g 3 N g 3 N	
KATE	kmg	foot	1301	46	kike	1	k i k e	
MAPE_2	mlh	foot	1301	46	kigo	1	k i g o	
DEDUA	ded	foot	1301	46	hani	2	h a n i	
HUBE	kgf	foot	1301	46	heni	2	h e n i	
TOBO	tbv	foot	1301	46	kani	2	k a n i	
KOSORONG	ksr	foot	1301	46	kani	2	k a n i	
MINDIK	bmu	foot	1301	46	kana	2	k a n a	
BURUM	bmu	foot	1301	46	kana	2	k a n a	
ONO	ons	foot	1301	46	ki	1	k i	
KOMBA	kpf	foot	1301	46	ki	1	k i	
SELEPET	spl	foot	1301	46	koi	1	k o i	
TIMBE	tim	foot	1301	46	kei	1	k e i	
NABAK	naf	foot	1301	46	set	3	s e t	
MOMOLILI	mci	foot	1301	46	k3t	4	k 3 t	
KATE	kmg	knee	1371	47	dieN	1	d i e N	"stem, ""his knee"""
MAPE_2	mlh	knee	1371	47	dieN	1	d i e N	
DEDUA	ded	knee	1371	47	fakuruN	2	f a k u r u N	"stem, ""his knee"""
HUBE	kgf	knee	1371	47	simiN	3	s i m i N	"stem, ""his knee"""
TOBO	tbv	knee	1371	47	simin	3	s i m i n	"stem, ""his knee"""
KOSORONG	ksr	knee	1371	47	simiN	3	s i m i N	
MINDIK	bmu	knee	1371	47	simin	3	s i m i n	
BURUM	bmu	knee	1371	47	simin	3	s i m i n	
ONO	ons	knee	1371	47	wawet	4	w a w e t	"stem, ""his knee"""
KOMBA	kpf	knee	1371	47	simin	3	s i m i n	"stem, ""his knee"""
SELEPET	spl	knee	1371	47	pawut	5	p a w u t	"stem, ""his knee"""
TIMBE	tim	knee	1371	47	powut	5	p o w u t	"stem, ""his knee"""
NABAK	naf	knee	1371	47	kpet	6	k p e t	"stem, ""his knee"""
MOMOLILI	mci	knee	1371	47	kpekakpat3	7	k p e k a k p a t 3	?his knee?
KATE	kmg	hand	1277	48	me	1	m e	"stem, ""his hand"""
MAPE_2	mlh	hand	1277	48	me	1	m e	
DEDUA	ded	hand	1277	48	mari	2	m a r i	"stem, ""his hand"""
HUBE	kgf	hand	1277	48	meri	2	m e r i	"stem, ""his hand"""
TOBO	tbv	hand	1277	48	moro	2	m o r o	"stem, ""his hand"""
KOSORONG	ksr	hand	1277	48	borok	3	b o r o k	
MINDIK	bmu	hand	1277	48	cot	4	c o t	
BURUM	bmu	hand	1277	48	boro	2	b o r o	
ONO	ons	hand	1277	48	me	1	m e	"stem, ""his hand"""
KOMBA	kpf	hand	1277	48	bit	5	b i t	"stem, ""his hand"""
SELEPET	spl	hand	1277	48	bot	5	b o t	"stem, ""his hand"""
TIMBE	tim	hand	1277	48	bot	5	b o t	"stem, ""his hand"""
NABAK	naf	hand	1277	48	bet	5	b e t	"stem, ""his hand"""
MOMOLILI	mci	hand	1277	48	b3t	5	b 3 t	"stem, ""his hand"""
KATE	kmg	belly	1251	49	bu	1	b u	
MAPE_2	mlh	belly	1251	49	ata	2	a t a	
DEDUA	ded	belly	1251	49	kera	3	k e r a	
HUBE	kgf	belly	1251	49	tomeN	4	t o m e N	
TOBO	tbv	belly	1251	49	kerap	3	k e r a p	
KOSORONG	ksr	belly	1251	49	keri	3	k e r i	
MINDIK	bmu	belly	1251	49	irip	5	i r i p	
BURUM	bmu	belly	1251	49	golom	6	g o l o m	
ONO	ons	belly	1251	49	kai	7	k a i	
KOMBA	kpf	belly	1251	49	tip	8	t i p	
SELEPET	spl	belly	1251	49	tep	8	t e p	
TIMBE	tim	belly	1251	49	tep	8	t e p	
NABAK	naf	belly	1251	49	tip	8	t i p	
MOMOLILI	mci	belly	1251	49	tip	8	t i p	
KATE	kmg	neck	1333	50	upe	1	u p e	
MAPE_2	mlh	neck	1333	50	upe	1	u p e	
DEDUA	ded	neck	1333	50	upe	1	u p e	
HUBE	kgf	neck	1333	50	ebasi~gla	2	e b a si~ g l a	
TOBO	tbv	neck	1333	50	cel	3	c e l	
KOSORONG	ksr	neck	1333	50	are	4	a r e	
MINDIK	bmu	neck	1333	50	col	3	c o l	
BURUM	bmu	neck	1333	50	col	3	c o l	
ONO	ons	neck	1333	50	ebi	1	e b i	
KOMBA	kpf	neck	1333	50	godu	5	g o d u	
SELEPET	spl	neck	1333	50	obe	1	o b e	
TIMBE	tim	neck	1333	50	han	6	h a n	
NABAK	naf	neck	1333	50	Nande	7	N a n d e	
MOMOLILI	mci	neck	1333	50	andeN	7	a n d e N	
KATE	kmg	breast	1402	51	moN	1	m o N	
MAPE_2	mlh	breast	1402	51	moN	1	m o N	
DEDUA	ded	breast	1402	51	namu	2	n a m u	
HUBE	kgf	breast	1402	51	namu	2	n a m u	
TOBO	tbv	breast	1402	51	namo	2	n a m o	
KOSORONG	ksr	breast	1402	51	acu	3	a c u	
MINDIK	bmu	breast	1402	51	cucu	3	c u c u	
BURUM	bmu	breast	1402	51	cucu	3	c u c u	
ONO	ons	breast	1402	51	Namu	2	N a m u	
KOMBA	kpf	breast	1402	51	nam	2	n a m	
SELEPET	spl	breast	1402	51	nam	2	n a m	
TIMBE	tim	breast	1402	51	nam	2	n a m	
NABAK	naf	breast	1402	51	nam	2	n a m	
MOMOLILI	mci	breast	1402	51	nam	2	n a m	
KATE	kmg	heart	1223	52	bu hondoN	1	b u _ h o n d o N	
MAPE_2	mlh	heart	1223	52	maki koruN	2	m a k i _ k o r u N	
DEDUA	ded	heart	1223	52	woso honduN	3	w o s o _ h o n d u N	
HUBE	kgf	heart	1223	52	webogokme	4	w e b o g o k m e	
TOBO	tbv	heart	1223	52	wel bot	5	w e l _ b o t	
KOSORONG	ksr	heart	1223	52	bakota	6	b a k o t a	
MINDIK	bmu	heart	1223	52	wel bot	5	w e l _ b o t	
BURUM	bmu	heart	1223	52	wel bot	5	w e l _ b o t	
ONO	ons	heart	1223	52	kombaNi	7	k o m b a N i	
KOMBA	kpf	heart	1223	52	kabiam	8	k a b i a m	
SELEPET	spl	heart	1223	52	kabiam	8	k a b i a m	
TIMBE	tim	heart	1223	52	okot	9	o k o t	
NABAK	naf	heart	1223	52	gum k3t	10	g u m _ k 3 t	
MOMOLILI	mci	heart	1223	52	wemb3 k3t	11	w e m b 3 _ k 3 t	
KATE	kmg	eat	1336	55	no	1	n o	
MAPE_2	mlh	eat	1336	55	na	1	n a	
DEDUA	ded	eat	1336	55	ne	1	n e	
HUBE	kgf	eat	1336	55	ne	1	n e	
TOBO	tbv	eat	1336	55	ne	1	n e	
KOSORONG	ksr	eat	1336	55	ne	1	n e	
MINDIK	bmu	eat	1336	55	ne	1	n e	
BURUM	bmu	eat	1336	55	ne	1	n e	
ONO	ons	eat	1336	55	ni	1	n i	
KOMBA	kpf	eat	1336	55	ni	1	n i	
SELEPET	spl	eat	1336	55	ni	1	n i	
TIMBE	tim	eat	1336	55	ni	1	n i	
NABAK	naf	eat	1336	55	ni	1	n i	
MOMOLILI	mci	eat	1336	55	nin	1	n i n	
KATE	kmg	bite	1403	56	ki	1	k i	
MAPE_2	mlh	bite	1403	56	ki	1	k i	
DEDUA	ded	bite	1403	56	ki	1	k i	
HUBE	kgf	bite	1403	56	ki	1	k i	
TOBO	tbv	bite	1403	56	ki	1	k i	
KOSORONG	ksr	bite	1403	56	ki	1	k i	
MINDIK	bmu	bite	1403	56	yoho	2	y o h o	
BURUM	bmu	bite	1403	56	yoho	2	y o h o	
ONO	ons	bite	1403	56	ki	1	k i	
KOMBA	kpf	bite	1403	56	zihi	2	z i h i	
SELEPET	spl	bite	1403	56	ihi	2	i h i	
TIMBE	tim	bite	1403	56	ihi	2	i h i	
NABAK	naf	bite	1403	56	i	2	i	
MOMOLILI	mci	bite	1403	56	ye	3	y e	
KATE	kmg	see	1409	57	honenu	1	h o n e n u	"stem, ""he sees me"""
MAPE_2	mlh	see	1409	57	Nonenu	1	N o n e n u	
DEDUA	ded	see	1409	57	nen	2	n e n	"stem, ""he sees me"""
HUBE	kgf	see	1409	57	ni	3	n i	"stem, ""he sees me"""
TOBO	tbv	see	1409	57	nen	2	n e n	"stem, ""he sees me"""
KOSORONG	ksr	see	1409	57	ni	3	n i	
MINDIK	bmu	see	1409	57	nek	4	n e k	
BURUM	bmu	see	1409	57	nek	4	n e k	
ONO	ons	see	1409	57	nan	2	n a n	"stem, ""he sees me"""
KOMBA	kpf	see	1409	57	nek	4	n e k	"stem, ""he sees me"""
SELEPET	spl	see	1409	57	nek	4	n e k	"stem, ""he sees me"""
TIMBE	tim	see	1409	57	nek	4	n e k	"stem, ""he sees me"""
NABAK	naf	see	1409	57	ni	3	n i	"stem, ""he sees me"""
MOMOLILI	mci	see	1409	57	n3x3i	5	n 3 x 3 i	"stem, ""he sees me"""
KATE	kmg	know	1410	59	mana	1	m a n a	
MAPE_2	mlh	know	1410	59	mane	1	m a n e	
DEDUA	ded	know	1410	59	negen	2	n e g e n	
HUBE	kgf	know	1410	59	nin	3	n i n	
TOBO	tbv	know	1410	59	nin	3	n i n	
KOSORONG	ksr	know	1410	59	mo	4	m o	
MINDIK	bmu	know	1410	59	mo	4	m o	
BURUM	bmu	know	1410	59	ma	4	m a	
ONO	ons	know	1410	59	deri	5	d e r i	
KOMBA	kpf	know	1410	59	naga	6	n a g a	
SELEPET	spl	know	1410	59	naga	6	n a g a	
TIMBE	tim	know	1410	59	nogo	6	n o g o	
NABAK	naf	know	1410	59	noi	7	n o i	
MOMOLILI	mci	know	1410	59	niNge	6	n i N g e	
KATE	kmg	sleep	1585	60	fo	1	f o	
MAPE_2	mlh	sleep	1585	60	kp~e	2	kp~ e	
DEDUA	ded	sleep	1585	60	fe	1	f e	
HUBE	kgf	sleep	1585	60	fe	1	f e	
TOBO	tbv	sleep	1585	60	goohe	3	g oo h e	
KOSORONG	ksr	sleep	1585	60	e	1	e	
MINDIK	bmu	sleep	1585	60	aho	4	a h o	
BURUM	bmu	sleep	1585	60	aho	4	a h o	
ONO	ons	sleep	1585	60	pa	5	p a	
KOMBA	kpf	sleep	1585	60	zi	6	z i	
SELEPET	spl	sleep	1585	60	i	6	i	
TIMBE	tim	sleep	1585	60	ye	6	y e	
NABAK	naf	sleep	1585	60	we	7	w e	
MOMOLILI	mci	sleep	1585	60	we	7	w e	
KATE	kmg	die	1494	61	homo	1	h o m o	"stem, ""he dies"""
MAPE_2	mlh	die	1494	61	kome	1	k o m e	
DEDUA	ded	die	1494	61	home	1	h o m e	"stem, ""he dies"""
HUBE	kgf	die	1494	61	humu	1	h u m u	"stem, ""he dies"""
TOBO	tbv	die	1494	61	komu	1	k o m u	"stem, ""he dies"""
KOSORONG	ksr	die	1494	61	komu	1	k o m u	
MINDIK	bmu	die	1494	61	komu	1	k o m u	
BURUM	bmu	die	1494	61	komu	1	k o m u	
ONO	ons	die	1494	61	seuki	2	s e u k i	"stem, ""he dies"""
KOMBA	kpf	die	1494	61	mu	3	m u	"stem, ""he dies"""
SELEPET	spl	die	1494	61	mu	3	m u	"stem, ""he dies"""
TIMBE	tim	die	1494	61	mo	3	m o	"stem, ""he dies"""
NABAK	naf	die	1494	61	g3ki	4	g 3 k i	"stem, ""he dies"""
MOMOLILI	mci	die	1494	61	g3ki	4	g 3 k i	"stem, ""he dies"""
KATE	kmg	come	1446	66	wefu	1	w e f u	"stem, ""he comes"""
MAPE_2	mlh	come	1446	66	wape	2	w a p e	
DEDUA	ded	come	1446	66	ere	3	e r e	"stem, ""he comes"""
HUBE	kgf	come	1446	66	ere	3	e r e	"stem, ""he comes"""
TOBO	tbv	come	1446	66	ka	4	k a	"stem, ""he comes"""
KOSORONG	ksr	come	1446	66	wa	5	w a	
MINDIK	bmu	come	1446	66	ka	4	k a	
BURUM	bmu	come	1446	66	ka	4	k a	
ONO	ons	come	1446	66	sa	6	s a	"stem, ""he comes"""
KOMBA	kpf	come	1446	66	ga	4	g a	"stem, ""he comes"""
SELEPET	spl	come	1446	66	ga	4	g a	"stem, ""he comes"""
TIMBE	tim	come	1446	66	gu	4	g u	"stem, ""he comes"""
NABAK	naf	come	1446	66	kpe	7	k p e	"stem, ""he comes"""
MOMOLILI	mci	come	1446	66	ko	8	k o	"stem, ""he comes"""
KATE	kmg	sit	1416	68	Ne	1	N e	
MAPE_2	mlh	sit	1416	68	Ne	1	N e	
DEDUA	ded	sit	1416	68	tak	2	t a k	
HUBE	kgf	sit	1416	68	tak	2	t a k	
TOBO	tbv	sit	1416	68	ta	2	t a	
KOSORONG	ksr	sit	1416	68	ra	2	r a	
MINDIK	bmu	sit	1416	68	ta	2	t a	
BURUM	bmu	sit	1416	68	ta	2	t a	
ONO	ons	sit	1416	68	meri	3	m e r i	
KOMBA	kpf	sit	1416	68	ta	2	t a	
SELEPET	spl	sit	1416	68	ta	2	t a	
TIMBE	tim	sit	1416	68	ta	2	t a	
NABAK	naf	sit	1416	68	ta	2	t a	
MOMOLILI	mci	sit	1416	68	ta	2	t a	
KATE	kmg	stand	1442	69	doma	1	d o m a	
MAPE_2	mlh	stand	1442	69	dimi	1	d i m i	
DEDUA	ded	stand	1442	69	nan	2	n a n	
HUBE	kgf	stand	1442	69	nan	2	n a n	
TOBO	tbv	stand	1442	69	nan	2	n a n	
KOSORONG	ksr	stand	1442	69	nan	2	n a n	
MINDIK	bmu	stand	1442	69	kin	3	k i n	
BURUM	bmu	stand	1442	69	kin	3	k i n	
ONO	ons	stand	1442	69	okore	4	o k o r e	
KOMBA	kpf	stand	1442	69	kin	3	k i n	
SELEPET	spl	stand	1442	69	kin	3	k i n	
TIMBE	tim	stand	1442	69	kin	3	k i n	
NABAK	naf	stand	1442	69	ta	5	t a	
MOMOLILI	mci	stand	1442	69	ta	5	t a	
KATE	kmg	give	1447	70	nare	1	n a r e	
MAPE_2	mlh	give	1447	70	nare	1	n a r e	
DEDUA	ded	give	1447	70	nen	2	n e n	
HUBE	kgf	give	1447	70	nen	2	n e n	
TOBO	tbv	give	1447	70	nem	2	n e m	
KOSORONG	ksr	give	1447	70	non	2	n o n	
MINDIK	bmu	give	1447	70	niNgi	3	n i N g i	
BURUM	bmu	give	1447	70	niNgi	3	n i N g i	
ONO	ons	give	1447	70	nin	2	n i n	
KOMBA	kpf	give	1447	70	nih	3	n i h	
SELEPET	spl	give	1447	70	nihi	3	n i h i	
TIMBE	tim	give	1447	70	niN	3	n i N	
NABAK	naf	give	1447	70	nai	4	n a i	
MOMOLILI	mci	give	1447	70	naka	5	n a k a	
KATE	kmg	say	1458	71	mu	1	m u	
MAPE_2	mlh	say	1458	71	mi	1	m i	
DEDUA	ded	say	1458	71	de	2	d e	
HUBE	kgf	say	1458	71	ce	2	c e	
TOBO	tbv	say	1458	71	ci	2	c i	
KOSORONG	ksr	say	1458	71	co	2	c o	
MINDIK	bmu	say	1458	71	ci	2	c i	
BURUM	bmu	say	1458	71	ci	2	c i	
ONO	ons	say	1458	71	ra	3	r a	
KOMBA	kpf	say	1458	71	s	2	s	
SELEPET	spl	say	1458	71	y	2	y	
TIMBE	tim	say	1458	71	ma	4	m a	
NABAK	naf	say	1458	71	cei	2	c e i	
MOMOLILI	mci	say	1458	71	c3	2	c 3	
KATE	kmg	sun	1343	72	coaN	1	c o a N	
MAPE_2	mlh	sun	1343	72	wegi	2	w e g i	
DEDUA	ded	sun	1343	72	wonak	3	w o n a k	
HUBE	kgf	sun	1343	72	kaiwe	4	k a i w e	
TOBO	tbv	sun	1343	72	kaiwe	4	k a i w e	
KOSORONG	ksr	sun	1343	72	weN	5	w e N	
MINDIK	bmu	sun	1343	72	wehon	6	w e h o n	
BURUM	bmu	sun	1343	72	welgon	6	w e l g o n	
ONO	ons	sun	1343	72	kaiwe	4	k a i w e	
KOMBA	kpf	sun	1343	72	mirosiN	7	m i r o s i N	
SELEPET	spl	sun	1343	72	dewuto	8	d e w u t o	
TIMBE	tim	sun	1343	72	poiap	9	p o i a p	
NABAK	naf	sun	1343	72	k3suk	10	k 3 s u k	
MOMOLILI	mci	sun	1343	72	k3su	11	k 3 s u	
KATE	kmg	moon	1313	73	mosa	1	m o s a	
MAPE_2	mlh	moon	1313	73	mosa	1	m o s a	
DEDUA	ded	moon	1313	73	afo	2	a f o	
HUBE	kgf	moon	1313	73	komoN	3	k o m o N	
TOBO	tbv	moon	1313	73	kombol	3	k o m b o l	
KOSORONG	ksr	moon	1313	73	koiN	4	k o i N	
MINDIK	bmu	moon	1313	73	kaiN	4	k a i N	
BURUM	bmu	moon	1313	73	kain	4	k a i n	
ONO	ons	moon	1313	73	meso	1	m e s o	
KOMBA	kpf	moon	1313	73	kain	4	k a i n	
SELEPET	spl	moon	1313	73	emesenNe	5	e m e s e n N e	
TIMBE	tim	moon	1313	73	dewuto hodohon gotNe	6	d e w u t o _ h o d o h o n _ g o t N e	
NABAK	naf	moon	1313	73	eyoNge	7	e y o N g e	
MOMOLILI	mci	moon	1313	73	3yoNga	7	3 y o N g a	
KATE	kmg	star	1430	74	bopiN	1	b o p i N	
MAPE_2	mlh	star	1430	74	bopiN	1	b o p i N	
DEDUA	ded	star	1430	74	bopiN	1	b o p i N	
HUBE	kgf	star	1430	74	sikiru	2	s i k i r u	
TOBO	tbv	star	1430	74	sekelo	2	s e k e l o	
KOSORONG	ksr	star	1430	74	seNgeleu	2	s e N g e l e u	
MINDIK	bmu	star	1430	74	seNgelau	2	s e N g e l a u	
BURUM	bmu	star	1430	74	seNgelau	2	s e N g e l a u	
ONO	ons	star	1430	74	serekiN	3	s e r e k i N	
KOMBA	kpf	star	1430	74	segelak	2	s e g e l a k	
SELEPET	spl	star	1430	74	petu	4	p e t u	
TIMBE	tim	star	1430	74	pituN	4	p i t u N	
NABAK	naf	star	1430	74	wenzim	5	w e n z i m	
MOMOLILI	mci	star	1430	74	c3m3rinc~3	6	c 3 m 3 r i nc~ 3	
KATE	kmg	water	948	75	opo	1	o p o	
MAPE_2	mlh	water	948	75	owu	2	o w u	
DEDUA	ded	water	948	75	doku	3	d o k u	
HUBE	kgf	water	948	75	doku	3	d o k u	
TOBO	tbv	water	948	75	duku	3	d u k u	
KOSORONG	ksr	water	948	75	apuk	4	a p u k	
MINDIK	bmu	water	948	75	ou	2	o u	
BURUM	bmu	water	948	75	ou	2	o u	
ONO	ons	water	948	75	doku	3	d o k u	
KOMBA	kpf	water	948	75	to	5	t o	
SELEPET	spl	water	948	75	to	5	t o	
TIMBE	tim	water	948	75	tu	5	t u	
NABAK	naf	water	948	75	tu	5	t u	
MOMOLILI	mci	water	948	75	tu	5	t u	
KATE	kmg	rain	658	76	hoe	1	h o e	
MAPE_2	mlh	rain	658	76	kue	1	k u e	
DEDUA	ded	rain	658	76	kia	1	k i a	
HUBE	kgf	rain	658	76	kia	1	k i a	
TOBO	tbv	rain	658	76	kia	1	k i a	
KOSORONG	ksr	rain	658	76	koN	2	k o N	
MINDIK	bmu	rain	658	76	kie	1	k i e	
BURUM	bmu	rain	658	76	kie	1	k i e	
ONO	ons	rain	658	76	koia	1	k o i a	
KOMBA	kpf	rain	658	76	map	3	m a p	
SELEPET	spl	rain	658	76	gelok	4	g e l o k	
TIMBE	tim	rain	658	76	tonok	5	t o n o k	
NABAK	naf	rain	658	76	map	3	m a p	
MOMOLILI	mci	rain	658	76	ma	3	m a	
KATE	kmg	stone	857	77	kp~ono	1	kp~ o n o	
MAPE_2	mlh	stone	857	77	kok	2	k o k	
DEDUA	ded	stone	857	77	hok	2	h o k	
HUBE	kgf	stone	857	77	gokmea	3	g o k m e a	
TOBO	tbv	stone	857	77	baNa	4	b a N a	
KOSORONG	ksr	stone	857	77	camok	5	c a m o k	
MINDIK	bmu	stone	857	77	kot	6	k o t	
BURUM	bmu	stone	857	77	kot	6	k o t	
ONO	ons	stone	857	77	wesi	7	w e s i	
KOMBA	kpf	stone	857	77	kot	6	k o t	
SELEPET	spl	stone	857	77	kot	6	k o t	
TIMBE	tim	stone	857	77	kot	6	k o t	
NABAK	naf	stone	857	77	nanc~3N	8	n a nc~ 3 N	
MOMOLILI	mci	stone	857	77	nanc~a	8	n a nc~ a	
KATE	kmg	sand	671	78	moNgeN	1	m o N g e N	
MAPE_2	mlh	sand	671	78	mageN	1	m a g e N	
DEDUA	ded	sand	671	78	moNgeN	1	m o N g e N	
HUBE	kgf	sand	671	78	sakesa	2	s a k e s a	
TOBO	tbv	sand	671	78	sak	2	s a k	
KOSORONG	ksr	sand	671	78	sakasiN	2	s a k a s i N	
MINDIK	bmu	sand	671	78	sakosiN	2	s a k o s i N	
BURUM	bmu	sand	671	78	sak	2	s a k	
ONO	ons	sand	671	78	gb~alak	3	gb~ a l a k	
KOMBA	kpf	sand	671	78	sak	2	s a k	
SELEPET	spl	sand	671	78	sak	2	s a k	
TIMBE	tim	sand	671	78	sak	2	s a k	
NABAK	naf	sand	671	78	gambibit	4	g a m b i b i t	
MOMOLILI	mci	sand	671	78	gaNa	5	g a N a	
KATE	kmg	earth	1228	79	moreN	1	m o r e N	
MAPE_2	mlh	earth	1228	79	moreN	1	m o r e N	
DEDUA	ded	earth	1228	79	baNek	2	b a N e k	
HUBE	kgf	earth	1228	79	baek	2	b a e k	
TOBO	tbv	earth	1228	79	bait	2	b a i t	
KOSORONG	ksr	earth	1228	79	namok	3	n a m o k	
MINDIK	bmu	earth	1228	79	baloN	4	b a l o N	
BURUM	bmu	earth	1228	79	golme	5	g o l m e	
ONO	ons	earth	1228	79	kepe	6	k e p e	
KOMBA	kpf	earth	1228	79	an	7	a n	
SELEPET	spl	earth	1228	79	hon	7	h o n	
TIMBE	tim	earth	1228	79	hon	7	h o n	
NABAK	naf	earth	1228	79	misat	8	m i s a t	
MOMOLILI	mci	earth	1228	79	misa	8	m i s a	
KATE	kmg	cloud	1489	80	karora7	1	k a r o r a 7	
MAPE_2	mlh	cloud	1489	80	goweN	2	g o w e N	
DEDUA	ded	cloud	1489	80	kurumeN	3	k u r u m e N	
HUBE	kgf	cloud	1489	80	hosesu	4	h o s e s u	
TOBO	tbv	cloud	1489	80	kosu	4	k o s u	
KOSORONG	ksr	cloud	1489	80	kosuk	4	k o s u k	
MINDIK	bmu	cloud	1489	80	kousu	4	k o u s u	
BURUM	bmu	cloud	1489	80	kousu	4	k o u s u	
ONO	ons	cloud	1489	80	kezoN	5	k e z o N	
KOMBA	kpf	cloud	1489	80	sasa	6	s a s a	
SELEPET	spl	cloud	1489	80	elem	7	e l e m	
TIMBE	tim	cloud	1489	80	hamadat	8	h a m a d a t	
NABAK	naf	cloud	1489	80	canca	9	c a n c a	
MOMOLILI	mci	cloud	1489	80	kumbu	10	k u m b u	
KATE	kmg	smoke	778	81	hoso7	1	h o s o 7	
MAPE_2	mlh	smoke	778	81	kosok	1	k o s o k	
DEDUA	ded	smoke	778	81	husuk	1	h u s u k	
HUBE	kgf	smoke	778	81	hofak	1	h o f a k	
TOBO	tbv	smoke	778	81	kasak	1	k a s a k	
KOSORONG	ksr	smoke	778	81	kasok	1	k a s o k	
MINDIK	bmu	smoke	778	81	kowak	1	k o w a k	
BURUM	bmu	smoke	778	81	kasak	1	k a s a k	
ONO	ons	smoke	778	81	Naup	2	N a u p	
KOMBA	kpf	smoke	778	81	mudo	3	m u d o	
SELEPET	spl	smoke	778	81	utun	4	u t u n	
TIMBE	tim	smoke	778	81	dowok	5	d o w o k	
NABAK	naf	smoke	778	81	k3s3k	1	k 3 s 3 k	
MOMOLILI	mci	smoke	778	81	k3s3	1	k 3 s 3	
KATE	kmg	ash	646	83	cafe	1	c a f e	
MAPE_2	mlh	ash	646	83	cafe	1	c a f e	
DEDUA	ded	ash	646	83	hama	2	h a m a	
HUBE	kgf	ash	646	83	homa	2	h o m a	
TOBO	tbv	ash	646	83	kama	2	k a m a	
KOSORONG	ksr	ash	646	83	tok	3	t o k	
MINDIK	bmu	ash	646	83	kau	4	k a u	
BURUM	bmu	ash	646	83	kau	4	k a u	
ONO	ons	ash	646	83	kau	4	k a u	
KOMBA	kpf	ash	646	83	kau	4	k a u	
SELEPET	spl	ash	646	83	kou	4	k o u	
TIMBE	tim	ash	646	83	kau	4	k a u	
NABAK	naf	ash	646	83	kou	4	k o u	
MOMOLILI	mci	ash	646	83	cita	5	c i t a	
KATE	kmg	burn	2102	84	ca	1	c a	
MAPE_2	mlh	burn	2102	84	ca	1	c a	
DEDUA	ded	burn	2102	84	ca	1	c a	
HUBE	kgf	burn	2102	84	ce	1	c e	
TOBO	tbv	burn	2102	84	ce	1	c e	
KOSORONG	ksr	burn	2102	84	ce	1	c e	
MINDIK	bmu	burn	2102	84	ce	1	c e	
BURUM	bmu	burn	2102	84	ce	1	c e	
ONO	ons	burn	2102	84	ci	1	c i	
KOMBA	kpf	burn	2102	84	si	1	s i	
SELEPET	spl	burn	2102	84	si	1	s i	
TIMBE	tim	burn	2102	84	o	2	o	
NABAK	naf	burn	2102	84	ci	1	c i	
MOMOLILI	mci	burn	2102	84	ci	1	c i	
KATE	kmg	road	667	85	hata	1	h a t a	
MAPE_2	mlh	road	667	85	kari	2	k a r i	
DEDUA	ded	road	667	85	siN	3	s i N	
HUBE	kgf	road	667	85	hena	4	h e n a	
TOBO	tbv	road	667	85	kona	4	k o n a	
KOSORONG	ksr	road	667	85	kanak	4	k a n a k	
MINDIK	bmu	road	667	85	kona	4	k o n a	
BURUM	bmu	road	667	85	kona	4	k o n a	
ONO	ons	road	667	85	numa	5	n u m a	
KOMBA	kpf	road	667	85	motop	6	m o t o p	
SELEPET	spl	road	667	85	giop	7	g i o p	
TIMBE	tim	road	667	85	dop	8	d o p	
NABAK	naf	road	667	85	set	9	s e t	
MOMOLILI	mci	road	667	85	k3	4	k 3	
KATE	kmg	mountain	639	86	tiki	1	t i k i	
MAPE_2	mlh	mountain	639	86	tiki	1	t i k i	
DEDUA	ded	mountain	639	86	tiki	1	t i k i	
HUBE	kgf	mountain	639	86	boNa	2	b o N a	
TOBO	tbv	mountain	639	86	bohoNa	2	b o h o N a	
KOSORONG	ksr	mountain	639	86	baNa	2	b a N a	
MINDIK	bmu	mountain	639	86	kunduNi	3	k u n d u N i	
BURUM	bmu	mountain	639	86	kunduNi	3	k u n d u N i	
ONO	ons	mountain	639	86	bonaga	2	b o n a g a	
KOMBA	kpf	mountain	639	86	kakNa	4	k a k N a	
SELEPET	spl	mountain	639	86	giboNe	5	g i b o N e	
TIMBE	tim	mountain	639	86	giboNe	5	g i b o N e	
NABAK	naf	mountain	639	86	kal3N	6	k a l 3 N	
MOMOLILI	mci	mountain	639	86	kalaN	6	k a l a N	
KATE	kmg	red	156	87	boboroN	1	b o b o r o N	
MAPE_2	mlh	red	156	87	boboroN	1	b o b o r o N	
DEDUA	ded	red	156	87	sak sak	2	s a k _ s a k	
HUBE	kgf	red	156	87	pesia	3	p e s i a	
TOBO	tbv	red	156	87	posoha	3	p o s o h a	
KOSORONG	ksr	red	156	87	osoga	4	o s o g a	
MINDIK	bmu	red	156	87	posikNi	3	p o s i k N i	
BURUM	bmu	red	156	87	pisikNi	3	p i s i k N i	
ONO	ons	red	156	87	weNemka	5	w e N e m k a	
KOMBA	kpf	red	156	87	kuriN	6	k u r i N	
SELEPET	spl	red	156	87	kuriN	6	k u r i N	
TIMBE	tim	red	156	87	gilomNe	7	g i l o m N e	
NABAK	naf	red	156	87	Nam3N	8	N a m 3 N	
MOMOLILI	mci	red	156	87	kukN	9	k u k N	
KATE	kmg	green	1425	88	oroNbori7	1	o r o N b o r i 7	
MAPE_2	mlh	green	1425	88	buge	2	b u g e	
DEDUA	ded	green	1425	88	oroNborik	1	o r o N b o r i k	
HUBE	kgf	green	1425	88	gerik meria	3	g e r i k _ m e r i a	
TOBO	tbv	green	1425	88	asoNa	4	a s o N a	
KOSORONG	ksr	green	1425	88	asoN asoN	4	a s o N _ a s o N	
MINDIK	bmu	green	1425	88	toNgon toNgon	5	t o N g o n _ t o N g o n	
BURUM	bmu	green	1425	88	gorokNi	6	g o r o k N i	
ONO	ons	green	1425	88	wisika	7	w i s i k a	
KOMBA	kpf	green	1425	88	wohon wohon	8	w o h o n _ w o h o n	
SELEPET	spl	green	1425	88	golo	9	g o l o	
TIMBE	tim	green	1425	88	golo	9	g o l o	
NABAK	naf	green	1425	88	araN3N	10	a r a N 3 N	
MOMOLILI	mci	green	1425	88	kokN	11	k o k N	
KATE	kmg	yellow	1424	89	boNeNne	1	b o N e N n e	
MAPE_2	mlh	yellow	1424	89	boboNeN	1	b o b o N e N	
DEDUA	ded	yellow	1424	89	cagea	2	c a g e a	
HUBE	kgf	yellow	1424	89	gb~aok gb~aok	3	gb~ a o k _ gb~ a o k	
TOBO	tbv	yellow	1424	89	gb~aot gb~aot	3	gb~ a o t _ gb~ a o t	
KOSORONG	ksr	yellow	1424	89	gogokota	4	g o g o k o t a	
MINDIK	bmu	yellow	1424	89	gibaNi	5	g i b a N i	
BURUM	bmu	yellow	1424	89	gohotNi	4	g o h o t N i	
ONO	ons	yellow	1424	89	yaNaike	6	y a N a i k e	
KOMBA	kpf	yellow	1424	89	gibaN gibaN	7	g i b a N _ g i b a N	
SELEPET	spl	yellow	1424	89	gibaN	7	g i b a N	
TIMBE	tim	yellow	1424	89	gibaN	7	g i b a N	
NABAK	naf	yellow	1424	89	araraN	8	a r a r a N	
MOMOLILI	mci	yellow	1424	89	alaN	8	a l a N	
KATE	kmg	white	1335	90	kp~aN kp~aN	1	kp~ a N _ kp~ a N	
MAPE_2	mlh	white	1335	90	kp~aN kp~aN	1	kp~ a N _ kp~ a N	
DEDUA	ded	white	1335	90	koNak	2	k o N a k	
HUBE	kgf	white	1335	90	rarak	3	r a r a k	
TOBO	tbv	white	1335	90	lalap	3	l a l a p	
KOSORONG	ksr	white	1335	90	tataNkota	4	t a t a N k o t a	
MINDIK	bmu	white	1335	90	toatNi	5	t o a t N i	
BURUM	bmu	white	1335	90	tuatNi	5	t u a t N i	
ONO	ons	white	1335	90	libeka	6	l i b e k a	
KOMBA	kpf	white	1335	90	kau kau	7	k a u _ k a u	
SELEPET	spl	white	1335	90	kaok	7	k a o k	
TIMBE	tim	white	1335	90	kau	7	k a u	
NABAK	naf	white	1335	90	satn3N	8	s a t n 3 N	
MOMOLILI	mci	white	1335	90	sagatn	8	s a g a t n	
KATE	kmg	black	163	91	gogopo7	1	g o g o p o 7	
MAPE_2	mlh	black	163	91	gogowuk	1	g o g o w u k	
DEDUA	ded	black	163	91	cacu	2	c a c u	
HUBE	kgf	black	163	91	capera	3	c a p e r a	
TOBO	tbv	black	163	91	capala	3	c a p a l a	
KOSORONG	ksr	black	163	91	incaNa	4	i n c a N a	
MINDIK	bmu	black	163	91	incaNi	4	i n c a N i	
BURUM	bmu	black	163	91	towuNi	5	t o w u N i	
ONO	ons	black	163	91	dika	6	d i k a	
KOMBA	kpf	black	163	91	sumun sumun	7	s u m u n _ s u m u n	
SELEPET	spl	black	163	91	heleN	8	h e l e N	
TIMBE	tim	black	163	91	heleN	8	h e l e N	
NABAK	naf	black	163	91	sopm3N	9	s o p m 3 N	
MOMOLILI	mci	black	163	91	s3mbopm	10	s 3 m b o p m	
KATE	kmg	night	1233	92	Nafe	1	N a f e	
MAPE_2	mlh	night	1233	92	uwu	2	u w u	
DEDUA	ded	night	1233	92	tofonak	3	t o f o n a k	
HUBE	kgf	night	1233	92	siNi	4	s i N i	
TOBO	tbv	night	1233	92	siNiaha	4	s i N i a h a	
KOSORONG	ksr	night	1233	92	ketek	5	k e t e k	
MINDIK	bmu	night	1233	92	suNgem	6	s u N g e m	
BURUM	bmu	night	1233	92	suNgem	6	s u N g e m	
ONO	ons	night	1233	92	ruwo	7	r u w o	
KOMBA	kpf	night	1233	92	Natik	8	N a t i k	
SELEPET	spl	night	1233	92	omoN	9	o m o N	
TIMBE	tim	night	1233	92	hadok	10	h a d o k	
NABAK	naf	night	1233	92	t3mb~uyat	11	t 3 mb~ u y a t	
MOMOLILI	mci	night	1233	92	mimb~a	12	m i mb~ a	
KATE	kmg	hot	1286	93	co7	1	c o 7	
MAPE_2	mlh	hot	1286	93	foro	2	f o r o	
DEDUA	ded	hot	1286	93	gerek	3	g e r e k	
HUBE	kgf	hot	1286	93	gerik	3	g e r i k	
TOBO	tbv	hot	1286	93	girua	3	g i r u a	
KOSORONG	ksr	hot	1286	93	gerek	3	g e r e k	
MINDIK	bmu	hot	1286	93	konop	4	k o n o p	
BURUM	bmu	hot	1286	93	kondop	4	k o n d o p	
ONO	ons	hot	1286	93	gerep	3	g e r e p	
KOMBA	kpf	hot	1286	93	korop	4	k o r o p	
SELEPET	spl	hot	1286	93	kolop	4	k o l o p	
TIMBE	tim	hot	1286	93	kolop	4	k o l o p	
NABAK	naf	hot	1286	93	tecin	5	t e c i n	
MOMOLILI	mci	hot	1286	93	teci	5	t e c i	
KATE	kmg	cold	1287	94	moteNne	1	m o t e N n e	
MAPE_2	mlh	cold	1287	94	moteNne	1	m o t e N n e	
DEDUA	ded	cold	1287	94	moteNa	1	m o t e N a	
HUBE	kgf	cold	1287	94	sageNa	2	s a g e N a	
TOBO	tbv	cold	1287	94	saNgeN	2	s a N g e N	
KOSORONG	ksr	cold	1287	94	oloNa	3	o l o N a	
MINDIK	bmu	cold	1287	94	hamotNi	4	h a m o t N i	
BURUM	bmu	cold	1287	94	ciNim	5	c i N i m	
ONO	ons	cold	1287	94	momoine	6	m o m o i n e	
KOMBA	kpf	cold	1287	94	poteN	7	p o t e N	
SELEPET	spl	cold	1287	94	bolopNe	8	b o l o p N e	
TIMBE	tim	cold	1287	94	bolopNe	8	b o l o p N e	
NABAK	naf	cold	1287	94	bakN3N	9	b a k N 3 N	
MOMOLILI	mci	cold	1287	94	tak3N	10	t a k 3 N	
KATE	kmg	full	1429	95	fuse	1	f u s e	"stem, ""it is full"""
MAPE_2	mlh	full	1429	95	fuse	1	f u s e	
DEDUA	ded	full	1429	95	wake	2	w a k e	"stem, ""it is full"""
HUBE	kgf	full	1429	95	koia kp~e	3	k o i a _ kp~ e	"""it is full"""
TOBO	tbv	full	1429	95	koia kp~e	3	k o i a _ kp~ e	"""it is full"""
KOSORONG	ksr	full	1429	95	sa kp~e	4	s a _ kp~ e	
MINDIK	bmu	full	1429	95	koko kp~e	5	k o k o _ kp~ e	
BURUM	bmu	full	1429	95	kokolak kp~e	5	k o k o l a k _ kp~ e	
ONO	ons	full	1429	95	weTgi	6	w e T g i	"stem, ""it is full"""
KOMBA	kpf	full	1429	95	pik	7	p i k	"stem, ""it is full"""
SELEPET	spl	full	1429	95	pik	7	p i k	"stem, ""it is full"""
TIMBE	tim	full	1429	95	pik	7	p i k	"stem, ""it is full"""
NABAK	naf	full	1429	95	cece kpe	8	c e c e _ k p e	"""it is full"""
MOMOLILI	mci	full	1429	95	c3c3 ko	8	c 3 c 3 _ k o	"stem, ""it is full"""
KATE	kmg	new	1231	96	gb~orine	1	gb~ o r i n e	
MAPE_2	mlh	new	1231	96	gb~oine	1	gb~ o i n e	
DEDUA	ded	new	1231	96	gb~oria	1	gb~ o r i a	
HUBE	kgf	new	1231	96	gb~eria	1	gb~ e r i a	
TOBO	tbv	new	1231	96	gb~ilik	1	gb~ i l i k	
KOSORONG	ksr	new	1231	96	gb~ilia	1	gb~ i l i a	
MINDIK	bmu	new	1231	96	dolokNi	2	d o l o k N i	
BURUM	bmu	new	1231	96	dolokNi	2	d o l o k N i	
ONO	ons	new	1231	96	wele	3	w e l e	
KOMBA	kpf	new	1231	96	irakNo	2	i r a k N o	
SELEPET	spl	new	1231	96	oiNe	4	o i N e	
TIMBE	tim	new	1231	96	irakNe	2	i r a k N e	
NABAK	naf	new	1231	96	arakN3N	2	a r a k N 3 N	
MOMOLILI	mci	new	1231	96	gor3N	5	g o r 3 N	
KATE	kmg	good	1035	97	biaNne	1	b i a N n e	
MAPE_2	mlh	good	1035	97	fine	2	f i n e	
DEDUA	ded	good	1035	97	gombuNa	3	g o m b u N a	
HUBE	kgf	good	1035	97	fia	2	f i a	
TOBO	tbv	good	1035	97	eha	4	e h a	
KOSORONG	ksr	good	1035	97	aua	5	a u a	
MINDIK	bmu	good	1035	97	olpNi	6	o l p N i	
BURUM	bmu	good	1035	97	olpNi	6	o l p N i	
ONO	ons	good	1035	97	maine	7	m a i n e	
KOMBA	kpf	good	1035	97	olipNo	6	o l i p N o	
SELEPET	spl	good	1035	97	olipNe	6	o l i p N e	
TIMBE	tim	good	1035	97	olipNe	6	o l i p N e	
NABAK	naf	good	1035	97	kp~emben3N	8	kp~ e m b e n 3 N	
MOMOLILI	mci	good	1035	97	saNgam	9	s a N g a m	
KATE	kmg	round	1395	98	oroN oroN	1	o r o N _ o r o N	
MAPE_2	mlh	round	1395	98	oroN	1	o r o N	
DEDUA	ded	round	1395	98	oroN	1	o r o N	
HUBE	kgf	round	1395	98	rerek rerek	2	r e r e k _ r e r e k	
TOBO	tbv	round	1395	98	koroN koroN	1	k o r o N _ k o r o N	
KOSORONG	ksr	round	1395	98	lilik lilik	2	l i l i k _ l i l i k	
MINDIK	bmu	round	1395	98	lilik lilik	2	l i l i k _ l i l i k	
BURUM	bmu	round	1395	98	lambo	3	l a m b o	
ONO	ons	round	1395	98	lolik lolik	2	l o l i k _ l o l i k	
KOMBA	kpf	round	1395	98	gawoN gawoN	4	g a w o N _ g a w o N	
SELEPET	spl	round	1395	98	gawoN gawoN	4	g a w o N _ g a w o N	
TIMBE	tim	round	1395	98	gawoN gawoN	4	g a w o N _ g a w o N	
NABAK	naf	round	1395	98	kililiN	5	k i l i l i N	
MOMOLILI	mci	round	1395	98	warag3n	6	w a r a g 3 n	
KATE	kmg	dry	1398	99	kereNke	1	k e r e N k e	
MAPE_2	mlh	dry	1398	99	ciga	2	c i g a	
DEDUA	ded	dry	1398	99	kereN	1	k e r e N	
HUBE	kgf	dry	1398	99	irege	3	i r e g e	
TOBO	tbv	dry	1398	99	cipko	4	c i p k o	
KOSORONG	ksr	dry	1398	99	tobori	5	t o b o r i	
MINDIK	bmu	dry	1398	99	oroNgo	6	o r o N g o	
BURUM	bmu	dry	1398	99	oroNgo	6	o r o N g o	
ONO	ons	dry	1398	99	cipki	4	c i p k i	
KOMBA	kpf	dry	1398	99	araroN	6	a r a r o N	
SELEPET	spl	dry	1398	99	horoN	6	h o r o N	
TIMBE	tim	dry	1398	99	kamili	7	k a m i l i	
NABAK	naf	dry	1398	99	ko	8	k o	
MOMOLILI	mci	dry	1398	99	alaNg3	6	a l a N g 3	
KATE	kmg	name	1405	100	coNe	1	c o N e	"stem, ""its name"""
MAPE_2	mlh	name	1405	100	ciNo	1	c i N o	
DEDUA	ded	name	1405	100	kiwa	2	k i w a	"stem, ""its name"""
HUBE	kgf	name	1405	100	kiwa	2	k i w a	"stem, ""its name"""
TOBO	tbv	name	1405	100	kiwa	2	k i w a	"stem, ""its name"""
KOSORONG	ksr	name	1405	100	cakota	3	c a k o t a	
MINDIK	bmu	name	1405	100	kurap	4	k u r a p	
BURUM	bmu	name	1405	100	kp~et	5	kp~ e t	
ONO	ons	name	1405	100	dei	6	d e i	"stem, ""its name"""
KOMBA	kpf	name	1405	100	kut	7	k u t	"stem, ""its name"""
SELEPET	spl	name	1405	100	kut	7	k u t	"stem, ""its name"""
TIMBE	tim	name	1405	100	kot	7	k o t	"stem, ""its name"""
NABAK	naf	name	1405	100	cik3t	3	c i k 3 t	"stem, ""its name"""
MOMOLILI	mci	name	1405	100	kot	7	k o t	"stem, ""its name"""
